{"name":"Indonesia","cables":[{"id":"java-kalimantan-sulawesi-jakasusi","name":"Java-Kalimantan-Sulawesi (JAKASUSI)","cable_id":2101},{"id":"link-1-phase-1","name":"Link 1 Phase-1","cable_id":1988},{"id":"link-2-phase-1","name":"Link 2 Phase-1","cable_id":1989},{"id":"link-3-phase-1","name":"Link 3 Phase-1","cable_id":1990},{"id":"link-1-phase-2","name":"Link 1 Phase-2","cable_id":1991},{"id":"link-2-phase-2","name":"Link 2 Phase-2","cable_id":1992},{"id":"link-3-phase-2","name":"Link 3 Phase-2","cable_id":1993},{"id":"link-4-phase-2","name":"Link 4 Phase-2","cable_id":1994},{"id":"link-5-phase-2","name":"Link 5 Phase-2","cable_id":1995},{"id":"sjjk","name":"SJJK","cable_id":1996},{"id":"pasuli","name":"PASULI","cable_id":1987},{"id":"java-bali-cable-system-jbcs","name":"Java Bali Cable System (JBCS)","cable_id":1955},{"id":"jakarta-surabaya-cable-system-jayabaya","name":"Jakarta Surabaya Cable System (JAYABAYA)","cable_id":1956},{"id":"damai-cable-system","name":"DAMAI Cable System","cable_id":1957},{"id":"palapa-ring-middle","name":"Palapa Ring Middle","cable_id":1940},{"id":"indonesia-global-gateway-igg-system","name":"Indonesia Global Gateway (IGG) System","cable_id":1895},{"id":"indigo-west","name":"INDIGO-West","cable_id":1744},{"id":"palapa-ring-east","name":"Palapa Ring East","cable_id":1938},{"id":"palapa-ring-west","name":"Palapa Ring West","cable_id":1939},{"id":"east-west-submarine-cable-system","name":"East-West Submarine Cable System","cable_id":1886},{"id":"smpcs-packet-2","name":"SMPCS Packet-2","cable_id":1885},{"id":"smpcs-packet-1","name":"SMPCS Packet-1","cable_id":1884},{"id":"luwuk-tutuyan-cable-system-ltcs","name":"Luwuk Tutuyan Cable System (LTCS)","cable_id":1883},{"id":"tarakan-selor-cable-system-tscs","name":"Tarakan Selor Cable System (TSCS)","cable_id":1882},{"id":"sumatera-bangka-cable-system-sbcs","name":"Sumatera Bangka Cable System (SBCS)","cable_id":1881},{"id":"s-u-b-cable-system","name":"S-U-B Cable System","cable_id":1880},{"id":"sea-us","name":"SEA-US","cable_id":1823},{"id":"balok","name":"BALOK","cable_id":1867},{"id":"jasuka","name":"JASUKA","cable_id":1844},{"id":"jakarta-bangka-bintan-batam-singapore-b3js","name":"Jakarta-Bangka-Bintan-Batam-Singapore (B3JS)","cable_id":1833},{"id":"tanjun-pandan-sungai-kakap-cable-system","name":"Tanjun Pandan-Sungai Kakap Cable System","cable_id":2061},{"id":"seax-1","name":"SEAX-1","cable_id":1887},{"id":"seamewe-5","name":"SeaMeWe-5","cable_id":1559},{"id":"mataram-kupang-cable-system-mkcs","name":"Mataram Kupang Cable System (MKCS)","cable_id":1780},{"id":"jaka2ladema","name":"JaKa2LaDeMa","cable_id":1767},{"id":"jambi-batam-cable-system-jiba","name":"Jambi-Batam Cable System (JIBA)","cable_id":1832},{"id":"pgascom","name":"PGASCOM","cable_id":1680},{"id":"batam-singapore-cable-system-bscs","name":"Batam Singapore Cable System (BSCS)","cable_id":1785},{"id":"seamewe-3","name":"SeaMeWe-3","cable_id":1031},{"id":"thailand-indonesia-singapore-tis","name":"Thailand-Indonesia-Singapore (TIS)","cable_id":1238},{"id":"dumai-melaka-cable-system","name":"Dumai-Melaka Cable System","cable_id":1350},{"id":"matrix-cable-system","name":"Matrix Cable System","cable_id":1535},{"id":"australia-singapore-cable-asc","name":"Australia-Singapore Cable (ASC)","cable_id":1683},{"id":"kumul-domestic-submarine-cable-system","name":"Kumul Domestic Submarine Cable System","cable_id":1899},{"id":"moratelindo-international-cable-system-1-mic-1","name":"Moratelindo International Cable System-1 (MIC-1)","cable_id":1561},{"id":"batam-rengit-cable-system-brcs","name":"Batam-Rengit Cable System (BRCS)","cable_id":1601},{"id":"jakabare","name":"JAKABARE","cable_id":1597},{"id":"batam-sarawak-internet-cable-system-basics","name":"Batam Sarawak Internet Cable System (BaSICS)","cable_id":2014},{"id":"batam-dumai-melaka-bdm-cable-system","name":"Batam Dumai Melaka (BDM) Cable System ","cable_id":1648}],"landing_points":[{"id":"aeng-batu-batu-indonesia","name":"Aeng Batu Batu, Indonesia","landing_point_id":18070},{"id":"bulobulo-indonesia","name":"Bulobulo, Indonesia","landing_point_id":17299},{"id":"kawinda-nae-indonesia","name":"Kawinda Nae, Indonesia","landing_point_id":17296},{"id":"sangatta-indonesia","name":"Sangatta, Indonesia","landing_point_id":17298},{"id":"towale-indonesia","name":"Towale, Indonesia","landing_point_id":17297},{"id":"senggigi-indonesia","name":"Senggigi, Indonesia","landing_point_id":16516},{"id":"sanur-indonesia","name":"Sanur, Indonesia","landing_point_id":17295},{"id":"puger-indonesia","name":"Puger, Indonesia","landing_point_id":17294},{"id":"jimbaran-indonesia","name":"Jimbaran, Indonesia","landing_point_id":14612},{"id":"mentigi-indonesia","name":"Mentigi, Indonesia","landing_point_id":17293},{"id":"ancol-indonesia","name":"Ancol, Indonesia","landing_point_id":5860},{"id":"tanjung-pakis-indonesia","name":"Tanjung Pakis, Indonesia","landing_point_id":9095},{"id":"sungailiat-indonesia","name":"Sungailiat, Indonesia","landing_point_id":17292},{"id":"kuala-tungkal-indonesia","name":"Kuala Tungkal, Indonesia","landing_point_id":10283},{"id":"anyer-indonesia","name":"Anyer, Indonesia","landing_point_id":14605},{"id":"kalianda-indonesia","name":"Kalianda, Indonesia","landing_point_id":7847},{"id":"takesung-indonesia","name":"Takesung, Indonesia","landing_point_id":17289},{"id":"ujung-pankah-indonesia","name":"Ujung Pankah, Indonesia","landing_point_id":17290},{"id":"bawean-indonesia","name":"Bawean, Indonesia","landing_point_id":17291},{"id":"sungsang-indonesia","name":"Sungsang, Indonesia","landing_point_id":17288},{"id":"muntok-indonesia","name":"Muntok, Indonesia","landing_point_id":16617},{"id":"candi-kusuma-indonesia","name":"Candi Kusuma, Indonesia","landing_point_id":17173},{"id":"muncar-indonesia","name":"Muncar, Indonesia","landing_point_id":17172},{"id":"banyu-urip-indonesia","name":"Banyu Urip, Indonesia","landing_point_id":17175},{"id":"kendal-indonesia","name":"Kendal, Indonesia","landing_point_id":17174},{"id":"cirebon-indonesia","name":"Cirebon, Indonesia","landing_point_id":15733},{"id":"medan-indonesia","name":"Medan, Indonesia","landing_point_id":5861},{"id":"panipahan-indonesia","name":"Panipahan, Indonesia","landing_point_id":17176},{"id":"dumai-indonesia","name":"Dumai, Indonesia","landing_point_id":7311},{"id":"manado-indonesia","name":"Manado, Indonesia","landing_point_id":15115},{"id":"ondong-siau-indonesia","name":"Ondong Siau, Indonesia","landing_point_id":16649},{"id":"tahuna-indonesia","name":"Tahuna, Indonesia","landing_point_id":16650},{"id":"melonguane-indonesia","name":"Melonguane, Indonesia","landing_point_id":17078},{"id":"morotai-indonesia","name":"Morotai, Indonesia","landing_point_id":16651},{"id":"tobelo-indonesia","name":"Tobelo, Indonesia","landing_point_id":17079},{"id":"terante-indonesia","name":"Terante, Indonesia","landing_point_id":17080},{"id":"sofifi-indonesia","name":"Sofifi, Indonesia","landing_point_id":16622},{"id":"tidore-indonesia","name":"Tidore, Indonesia","landing_point_id":17081},{"id":"luwuk-indonesia","name":"Luwuk, Indonesia","landing_point_id":16620},{"id":"salakan-indonesia","name":"Salakan, Indonesia","landing_point_id":17082},{"id":"bangga-indonesia","name":"Bangga, Indonesia","landing_point_id":17083},{"id":"taliabu-indonesia","name":"Taliabu, Indonesia","landing_point_id":17084},{"id":"sanana-indonesia","name":"Sanana, Indonesia","landing_point_id":16623},{"id":"kendari-indonesia","name":"Kendari, Indonesia","landing_point_id":16570},{"id":"wawonii-indonesia","name":"Wawonii, Indonesia","landing_point_id":17085},{"id":"raha-indonesia","name":"Raha, Indonesia","landing_point_id":17086},{"id":"buranga-indonesia","name":"Buranga, Indonesia","landing_point_id":17087},{"id":"lakudo-indonesia","name":"Lakudo, Indonesia","landing_point_id":17088},{"id":"baubau-indonesia","name":"Baubau, Indonesia","landing_point_id":17089},{"id":"batam-indonesia","name":"Batam, Indonesia","landing_point_id":5862},{"id":"jakarta-indonesia","name":"Jakarta, Indonesia","landing_point_id":3012},{"id":"bali-indonesia","name":"Bali, Indonesia","landing_point_id":9595},{"id":"waingapu-indonesia","name":"Waingapu, Indonesia","landing_point_id":14652},{"id":"seba-indonesia","name":"Seba, Indonesia","landing_point_id":16684},{"id":"baa-indonesia","name":"Baa, Indonesia","landing_point_id":17096},{"id":"kupang-indonesia","name":"Kupang, Indonesia","landing_point_id":14653},{"id":"kokar-indonesia","name":"Kokar, Indonesia","landing_point_id":17097},{"id":"tiakur-indonesia","name":"Tiakur, Indonesia","landing_point_id":16683},{"id":"serwaru-indonesia","name":"Serwaru, Indonesia","landing_point_id":17098},{"id":"suemlaki-indonesia","name":"Suemlaki, Indonesia","landing_point_id":17099},{"id":"tual-indonesia","name":"Tual, Indonesia","landing_point_id":16632},{"id":"kep-aru-indonesia","name":"Kep. Aru, Indonesia","landing_point_id":16681},{"id":"timika-indonesia","name":"Timika, Indonesia","landing_point_id":16575},{"id":"agats-indonesia","name":"Agats, Indonesia","landing_point_id":16672},{"id":"kota-mappi-indonesia","name":"Kota Mappi, Indonesia","landing_point_id":17100},{"id":"nabire-indonesia","name":"Nabire, Indonesia","landing_point_id":16665},{"id":"yapen-indonesia","name":"Yapen, Indonesia","landing_point_id":16660},{"id":"supiori-indonesia","name":"Supiori, Indonesia","landing_point_id":16659},{"id":"manokwari-indonesia","name":"Manokwari, Indonesia","landing_point_id":16630},{"id":"teluk-indonesia","name":"Teluk, Indonesia","landing_point_id":17101},{"id":"natuna-indonesia","name":"Natuna, Indonesia","landing_point_id":16642},{"id":"lingga-indonesia","name":"Lingga, Indonesia","landing_point_id":16645},{"id":"singkawang-indonesia","name":"Singkawang, Indonesia","landing_point_id":17091},{"id":"terempa-indonesia","name":"Terempa, Indonesia","landing_point_id":16635},{"id":"makassar-indonesia","name":"Makassar, Indonesia","landing_point_id":9720},{"id":"balikpapan-indonesia","name":"Balikpapan, Indonesia","landing_point_id":9716},{"id":"tarakan-indonesia","name":"Tarakan, Indonesia","landing_point_id":16618},{"id":"madura-indonesia","name":"Madura, Indonesia","landing_point_id":16717},{"id":"penarik-indonesia","name":"Penarik, Indonesia","landing_point_id":16634},{"id":"jayapura-indonesia","name":"Jayapura, Indonesia","landing_point_id":16627},{"id":"sarmi-indonesia","name":"Sarmi, Indonesia","landing_point_id":16628},{"id":"biak-indonesia","name":"Biak, Indonesia","landing_point_id":16629},{"id":"sorong-indonesia","name":"Sorong, Indonesia","landing_point_id":16573},{"id":"labuha-indonesia","name":"Labuha, Indonesia","landing_point_id":16636},{"id":"ternate-indonesia","name":"Ternate, Indonesia","landing_point_id":16572},{"id":"namlea-indonesia","name":"Namlea, Indonesia","landing_point_id":16624},{"id":"ambon-indonesia","name":"Ambon, Indonesia","landing_point_id":16571},{"id":"masohi-indonesia","name":"Masohi, Indonesia","landing_point_id":16625},{"id":"bandaneria-indonesia","name":"Bandaneria, Indonesia","landing_point_id":16626},{"id":"fakfak-indonesia","name":"Fakfak, Indonesia","landing_point_id":16574},{"id":"waisai-indonesia","name":"Waisai, Indonesia","landing_point_id":16631},{"id":"kaimana-indonesia","name":"Kaimana, Indonesia","landing_point_id":16633},{"id":"merauke-indonesia","name":"Merauke, Indonesia","landing_point_id":16576},{"id":"tutuyan-indonesia","name":"Tutuyan, Indonesia","landing_point_id":16621},{"id":"tanjung-selor-indonesia","name":"Tanjung Selor, Indonesia","landing_point_id":16619},{"id":"surabaya-indonesia","name":"Surabaya, Indonesia","landing_point_id":7802},{"id":"kauditan-indonesia","name":"Kauditan, Indonesia","landing_point_id":16518},{"id":"seraya-indonesia","name":"Seraya, Indonesia","landing_point_id":16515},{"id":"jambi-indonesia","name":"Jambi, Indonesia","landing_point_id":9719},{"id":"batu-prahu-indonesia","name":"Batu Prahu, Indonesia","landing_point_id":16015},{"id":"tanjung-pandan-indonesia","name":"Tanjung Pandan, Indonesia","landing_point_id":10687},{"id":"sungai-kakap-indonesia","name":"Sungai Kakap, Indonesia","landing_point_id":9094},{"id":"pontianak-indonesia","name":"Pontianak, Indonesia","landing_point_id":8360},{"id":"pekanbaru-indonesia","name":"Pekanbaru, Indonesia","landing_point_id":9724},{"id":"palembang-indonesia","name":"Palembang, Indonesia","landing_point_id":9723},{"id":"bandar-lampung-indonesia","name":"Bandar Lampung, Indonesia","landing_point_id":9727},{"id":"padang-indonesia","name":"Padang, Indonesia","landing_point_id":9722},{"id":"baturaja-indonesia","name":"Baturaja, Indonesia","landing_point_id":16284},{"id":"teping-tinggi-indonesia","name":"Teping Tinggi, Indonesia","landing_point_id":16285},{"id":"rantu-prapat-indonesia","name":"Rantu Prapat, Indonesia","landing_point_id":16286},{"id":"sibolga-indonesia","name":"Sibolga, Indonesia","landing_point_id":16287},{"id":"pesaren-indonesia","name":"Pesaren, Indonesia","landing_point_id":16014},{"id":"ende-indonesia","name":"Ende, Indonesia","landing_point_id":14648},{"id":"sumbawa-besar-indonesia","name":"Sumbawa Besar, Indonesia","landing_point_id":14649},{"id":"ambalawi-indonesia","name":"Ambalawi, Indonesia","landing_point_id":14650},{"id":"saraemee-indonesia","name":"Saraemee, Indonesia","landing_point_id":14651},{"id":"mataram-indonesia","name":"Mataram, Indonesia","landing_point_id":14613},{"id":"beculuk-indonesia","name":"Beculuk, Indonesia","landing_point_id":14611},{"id":"toweli-indonesia","name":"Toweli, Indonesia","landing_point_id":14610},{"id":"sangata-indonesia","name":"Sangata, Indonesia","landing_point_id":14609},{"id":"pankalan-indonesia","name":"Pankalan, Indonesia","landing_point_id":14608},{"id":"ketapang-indonesia","name":"Ketapang, Indonesia","landing_point_id":14607},{"id":"banjarmasin-indonesia","name":"Banjarmasin, Indonesia","landing_point_id":7803},{"id":"tanjung-pinggir-indonesia","name":"Tanjung Pinggir, Indonesia","landing_point_id":17286},{"id":"tanjung-pinang-indonesia","name":"Tanjung Pinang, Indonesia","landing_point_id":15731},{"id":"tanjung-bemban-indonesia","name":"Tanjung Bemban, Indonesia","landing_point_id":9096},{"id":"kg-buntai-malaysia","name":"Kg Buntai, Malaysia","landing_point_id":17376},{"id":"flying-fish-cove-christmas-island","name":"Flying Fish Cove, Christmas Island","landing_point_id":17023},{"id":"magachgil-yap-micronesia","name":"Magachgil, Yap, Micronesia","landing_point_id":16966},{"id":"ngeremlengui-palau","name":"Ngeremlengui, Palau","landing_point_id":7822},{"id":"tuas-singapore","name":"Tuas, Singapore","landing_point_id":5938},{"id":"perth-australia","name":"Perth, Australia","landing_point_id":3239},{"id":"bandar-bukit-tinggi-malaysia","name":"Bandar Bukit Tinggi, Malaysia","landing_point_id":14269},{"id":"kuching-malaysia","name":"Kuching, Malaysia","landing_point_id":7808},{"id":"davao-philippines","name":"Davao, Philippines","landing_point_id":3902},{"id":"matara-sri-lanka","name":"Matara, Sri Lanka","landing_point_id":15021},{"id":"kuakata-bangladesh","name":"Kuakata, Bangladesh","landing_point_id":15020},{"id":"ngwe-saung-myanmar","name":"Ngwe Saung, Myanmar","landing_point_id":14639},{"id":"yanbu-saudi-arabia","name":"Yanbu, Saudi Arabia","landing_point_id":9269},{"id":"toulon-france","name":"Toulon, France","landing_point_id":5346},{"id":"hermosa-beach-ca-united-states","name":"Hermosa Beach, CA, United States","landing_point_id":4966},{"id":"tanah-merah-singapore","name":"Tanah Merah, Singapore","landing_point_id":9135},{"id":"sakra-island-singapore","name":"Sakra Island, Singapore","landing_point_id":10307},{"id":"makaha-hi-united-states","name":"Makaha, HI, United States","landing_point_id":5760},{"id":"fujairah-united-arab-emirates","name":"Fujairah, United Arab Emirates","landing_point_id":5962},{"id":"shantou-china","name":"Shantou, China","landing_point_id":5803},{"id":"deep-water-bay-china","name":"Deep Water Bay, China","landing_point_id":5853},{"id":"taipa-china","name":"Taipa, China","landing_point_id":5900},{"id":"batangas-philippines","name":"Batangas, Philippines","landing_point_id":3218},{"id":"danang-vietnam","name":"Danang, Vietnam","landing_point_id":5986},{"id":"tungku-brunei","name":"Tungku, Brunei","landing_point_id":5970},{"id":"mersing-malaysia","name":"Mersing, Malaysia","landing_point_id":5902},{"id":"okinawa-japan","name":"Okinawa, Japan","landing_point_id":5886},{"id":"geoje-south-korea","name":"Geoje, South Korea","landing_point_id":17590},{"id":"shanghai-china","name":"Shanghai, China","landing_point_id":3246},{"id":"toucheng-taiwan","name":"Toucheng, Taiwan","landing_point_id":5981},{"id":"fangshan-taiwan","name":"Fangshan, Taiwan","landing_point_id":5980},{"id":"penang-malaysia","name":"Penang, Malaysia","landing_point_id":3307},{"id":"satun-thailand","name":"Satun, Thailand","landing_point_id":5956},{"id":"pyapon-myanmar","name":"Pyapon, Myanmar","landing_point_id":5911},{"id":"mt-lavinia-sri-lanka","name":"Mt. Lavinia, Sri Lanka","landing_point_id":5949},{"id":"cochin-india","name":"Cochin, India","landing_point_id":4322},{"id":"mumbai-india","name":"Mumbai, India","landing_point_id":3212},{"id":"karachi-pakistan","name":"Karachi, Pakistan","landing_point_id":3259},{"id":"muscat-oman","name":"Muscat, Oman","landing_point_id":4225},{"id":"haramous-djibouti","name":"Haramous, Djibouti","landing_point_id":17968},{"id":"djibouti-city-djibouti","name":"Djibouti City, Djibouti","landing_point_id":4177},{"id":"suez-egypt","name":"Suez, Egypt","landing_point_id":5825},{"id":"alexandria-egypt","name":"Alexandria, Egypt","landing_point_id":6044},{"id":"yeroskipos-cyprus","name":"Yeroskipos, Cyprus","landing_point_id":5811},{"id":"marmaris-turkey","name":"Marmaris, Turkey","landing_point_id":5959},{"id":"mazara-del-vallo-italy","name":"Mazara del Vallo, Italy","landing_point_id":3215},{"id":"sesimbra-portugal","name":"Sesimbra, Portugal","landing_point_id":5934},{"id":"penmarch-france","name":"Penmarch, France","landing_point_id":3119},{"id":"goonhilly-downs-united-kingdom","name":"Goonhilly Downs, United Kingdom","landing_point_id":3292},{"id":"norden-germany","name":"Norden, Germany","landing_point_id":5840},{"id":"jeddah-saudi-arabia","name":"Jeddah, Saudi Arabia","landing_point_id":4361},{"id":"catania-italy","name":"Catania, Italy","landing_point_id":3214},{"id":"chania-greece","name":"Chania, Greece","landing_point_id":5723},{"id":"ttouan-morocco","name":"Tétouan, Morocco","landing_point_id":5909},{"id":"piti-gu-united-states","name":"Piti, GU, United States","landing_point_id":5973},{"id":"songkhla-thailand","name":"Songkhla, Thailand","landing_point_id":4265},{"id":"changi-north-singapore","name":"Changi North, Singapore","landing_point_id":5940},{"id":"ostend-belgium","name":"Ostend, Belgium","landing_point_id":5789},{"id":"melaka-malaysia","name":"Melaka, Malaysia","landing_point_id":6300},{"id":"al-hudaydah-yemen","name":"Al Hudaydah, Yemen","landing_point_id":7681},{"id":"port-moresby-papua-new-guinea","name":"Port Moresby, Papua New Guinea","landing_point_id":3925},{"id":"madang-papua-new-guinea","name":"Madang, Papua New Guinea","landing_point_id":8558},{"id":"vanimo-papua-new-guinea","name":"Vanimo, Papua New Guinea","landing_point_id":16731},{"id":"wewak-papua-new-guinea","name":"Wewak, Papua New Guinea","landing_point_id":16732},{"id":"lorengau-papua-new-guinea","name":"Lorengau, Papua New Guinea","landing_point_id":16733},{"id":"kavieng-papua-new-guinea","name":"Kavieng, Papua New Guinea","landing_point_id":16734},{"id":"kokopo-papua-new-guinea","name":"Kokopo, Papua New Guinea","landing_point_id":16735},{"id":"kimbe-papua-new-guinea","name":"Kimbe, Papua New Guinea","landing_point_id":16736},{"id":"arawa-papua-new-guinea","name":"Arawa, Papua New Guinea","landing_point_id":16737},{"id":"lae-papua-new-guinea","name":"Lae, Papua New Guinea","landing_point_id":16738},{"id":"popondetta-papua-new-guinea","name":"Popondetta, Papua New Guinea","landing_point_id":16739},{"id":"alotau-papua-new-guinea","name":"Alotau, Papua New Guinea","landing_point_id":16740},{"id":"kerema-papua-new-guinea","name":"Kerema, Papua New Guinea","landing_point_id":16741},{"id":"daru-papua-new-guinea","name":"Daru, Papua New Guinea","landing_point_id":16742},{"id":"zafarana-egypt","name":"Zafarana, Egypt","landing_point_id":9486},{"id":"abu-talat-egypt","name":"Abu Talat, Egypt","landing_point_id":9485},{"id":"rengit-malaysia","name":"Rengit, Malaysia","landing_point_id":8970},{"id":"qalhat-oman","name":"Qalhat, Oman","landing_point_id":10684},{"id":"singapore-singapore","name":"Singapore, Singapore","landing_point_id":3029},{"id":"changi-south-singapore","name":"Changi South, Singapore","landing_point_id":5937}],"latlon":[{"latlon":"-5.343250,119.384642"},{"latlon":"-5.669079,119.809275"},{"latlon":"-8.108068,117.861571"},{"latlon":"0.324521,117.535497"},{"latlon":"-0.711929,119.666087"},{"latlon":"-8.485460,116.047290"},{"latlon":"-8.695055,115.259619"},{"latlon":"-8.374132,113.456813"},{"latlon":"-8.784068,115.159815"},{"latlon":"-3.195985,107.696366"},{"latlon":"-6.129016,106.833378"},{"latlon":"-5.981262,107.120903"},{"latlon":"-1.851503,106.132500"},{"latlon":"-0.823452,103.463190"},{"latlon":"-6.073694,105.883916"},{"latlon":"-5.769250,105.584917"},{"latlon":"-3.882825,114.666822"},{"latlon":"-6.953332,112.598244"},{"latlon":"-5.793493,112.585622"},{"latlon":"-2.295326,104.874493"},{"latlon":"-2.065175,105.164312"},{"latlon":"-8.294567,114.527247"},{"latlon":"-8.448009,114.310377"},{"latlon":"-7.271911,112.719679"},{"latlon":"-7.026550,110.187918"},{"latlon":"-6.716662,108.566678"},{"latlon":"3.752132,98.676058"},{"latlon":"2.452352,100.313313"},{"latlon":"1.665609,101.447639"},{"latlon":"1.490829,124.839620"},{"latlon":"2.754598,125.372969"},{"latlon":"3.611116,125.485518"},{"latlon":"4.043001,126.717280"},{"latlon":"2.365658,128.400824"},{"latlon":"1.714584,127.967865"},{"latlon":"0.795810,127.361347"},{"latlon":"0.734970,127.561445"},{"latlon":"0.674008,127.404096"},{"latlon":"-0.938833,122.792795"},{"latlon":"-1.301015,123.340206"},{"latlon":"-1.600283,123.527535"},{"latlon":"-1.826845,124.774068"},{"latlon":"-2.201454,125.937007"},{"latlon":"-3.998450,122.512985"},{"latlon":"-4.136146,123.123898"},{"latlon":"-4.832386,122.721090"},{"latlon":"-4.792273,122.856125"},{"latlon":"-5.389124,122.559909"},{"latlon":"-5.507068,122.596896"},{"latlon":"1.134726,103.962506"},{"latlon":"-6.171594,106.827861"},{"latlon":"-8.464415,115.596973"},{"latlon":"-9.646104,120.252903"},{"latlon":"-10.457822,121.879904"},{"latlon":"-10.733335,123.035275"},{"latlon":"-10.183335,123.583322"},{"latlon":"-8.158312,124.453463"},{"latlon":"-8.282921,125.573726"},{"latlon":"-8.158116,127.691498"},{"latlon":"-8.052233,131.213054"},{"latlon":"-5.626575,132.752092"},{"latlon":"-6.194641,134.550186"},{"latlon":"-4.550306,136.889565"},{"latlon":"-5.535632,138.121352"},{"latlon":"-7.102453,139.396498"},{"latlon":"-3.372230,135.501626"},{"latlon":"-1.756117,136.156973"},{"latlon":"-0.729507,135.638516"},{"latlon":"-0.861465,134.062052"},{"latlon":"-2.202382,133.482145"},{"latlon":"3.945662,108.142875"},{"latlon":"-0.162759,104.635455"},{"latlon":"0.906015,108.987210"},{"latlon":"3.207137,106.211137"},{"latlon":"-5.152185,119.412401"},{"latlon":"-1.265371,116.831201"},{"latlon":"3.327352,117.578515"},{"latlon":"-6.902282,113.283473"},{"latlon":"3.666756,108.290238"},{"latlon":"-2.591566,140.669104"},{"latlon":"-2.175233,139.353285"},{"latlon":"-1.163466,136.053286"},{"latlon":"-0.861465,134.062003"},{"latlon":"-0.882070,131.295403"},{"latlon":"-0.626797,127.480463"},{"latlon":"1.490878,124.839547"},{"latlon":"0.789853,127.375385"},{"latlon":"0.734970,127.561420"},{"latlon":"-2.201479,125.937007"},{"latlon":"-3.233412,127.085834"},{"latlon":"-3.655384,128.190717"},{"latlon":"-3.998475,122.512985"},{"latlon":"-3.297840,128.955267"},{"latlon":"-4.520179,129.872064"},{"latlon":"-3.097767,133.019425"},{"latlon":"-0.383364,130.857610"},{"latlon":"-5.626550,132.752043"},{"latlon":"-3.679359,133.791495"},{"latlon":"-4.550257,136.889614"},{"latlon":"-8.499083,140.405042"},{"latlon":"0.761435,124.574996"},{"latlon":"-0.938784,122.792770"},{"latlon":"2.572030,117.819433"},{"latlon":"-2.065151,105.164263"},{"latlon":"-7.258581,112.746681"},{"latlon":"1.378622,125.065621"},{"latlon":"-8.485460,116.047266"},{"latlon":"-8.386266,115.746680"},{"latlon":"-1.590004,103.609967"},{"latlon":"-3.079921,106.547465"},{"latlon":"-6.171594,106.827836"},{"latlon":"-2.767445,107.662895"},{"latlon":"-0.067056,109.183206"},{"latlon":"-0.027407,109.335452"},{"latlon":"1.665609,101.447565"},{"latlon":"0.533335,101.450007"},{"latlon":"-2.990980,104.757330"},{"latlon":"-5.409290,105.254107"},{"latlon":"3.752132,98.676082"},{"latlon":"-0.943862,100.361628"},{"latlon":"-5.040320,103.838971"},{"latlon":"3.380599,99.208211"},{"latlon":"2.105136,99.827840"},{"latlon":"1.747812,98.786629"},{"latlon":"-1.553871,105.582720"},{"latlon":"-8.855308,121.651560"},{"latlon":"-8.496959,117.400976"},{"latlon":"-8.319396,118.760350"},{"latlon":"-8.796934,118.711815"},{"latlon":"-9.646153,120.253025"},{"latlon":"-10.183311,123.583395"},{"latlon":"-8.586388,116.081543"},{"latlon":"-8.784093,115.159864"},{"latlon":"-8.615636,114.097071"},{"latlon":"-1.142470,119.388377"},{"latlon":"0.326889,117.550976"},{"latlon":"-2.849672,111.752932"},{"latlon":"-1.859120,109.971878"},{"latlon":"-3.327967,114.604005"},{"latlon":"-0.027407,109.335648"},{"latlon":"-0.816543,103.466705"},{"latlon":"-6.129358,106.833305"},{"latlon":"3.751741,98.676082"},{"latlon":"1.665316,101.447565"},{"latlon":"-6.171887,106.827836"},{"latlon":"-2.591615,140.669007"},{"latlon":"1.133481,103.959722"},{"latlon":"1.083334,104.483331"},{"latlon":"-5.981457,107.120903"},{"latlon":"1.173202,104.133111"}]}
