{"name":"United States","cables":[{"id":"aurora-cable-system","name":"AURORA Cable System","cable_id":1924},{"id":"boriken-submarine-cable-system-bscs","name":"Boriken Submarine Cable System (BSCS)","cable_id":2044},{"id":"ketchcan1-submarine-fiber-cable-system","name":"KetchCan1 Submarine Fiber Cable System","cable_id":2056},{"id":"jupiter","name":"JUPITER","cable_id":1928},{"id":"sea2shore","name":"sea2shore","cable_id":1966},{"id":"sxs","name":"SxS","cable_id":2027},{"id":"southern-cross-next","name":"Southern Cross NEXT                                                                                           ","cable_id":1894},{"id":"havfrueaec-2","name":"Havfrue/AEC-2","cable_id":1931},{"id":"japan-guam-australia-south-jga-s","name":"Japan-Guam-Australia South (JGA-S)","cable_id":1959},{"id":"japan-guam-australia-north-jga-n","name":"Japan-Guam-Australia North (JGA-N)","cable_id":1919},{"id":"paniolo-cable-network","name":"Paniolo Cable Network","cable_id":1948},{"id":"hong-kong-americas-hka","name":"Hong Kong-Americas (HKA)","cable_id":1933},{"id":"wall-li","name":"WALL-LI","cable_id":1926},{"id":"crosslake-fibre","name":"Crosslake Fibre","cable_id":1925},{"id":"gtmo-pr","name":"GTMO-PR","cable_id":1918},{"id":"gtmo-1","name":"GTMO-1","cable_id":1917},{"id":"pacific-light-cable-network-plcn","name":"Pacific Light Cable Network (PLCN)","cable_id":1858},{"id":"dunant","name":"Dunant","cable_id":1971},{"id":"marea","name":"MAREA","cable_id":1890},{"id":"brusa","name":"BRUSA","cable_id":1873},{"id":"quintillion-subsea-cable-network","name":"Quintillion Subsea Cable Network","cable_id":1862},{"id":"hawaiki","name":"Hawaiki","cable_id":1733},{"id":"lynn-canal-fiber","name":"Lynn Canal Fiber","cable_id":1840},{"id":"hifn-hawaii-island-fibre-network","name":"HIFN (Hawaii Island Fibre Network)","cable_id":1456},{"id":"hics-hawaii-inter-island-cable-system","name":"HICS (Hawaii Inter-Island Cable System)","cable_id":1455},{"id":"terra-sw","name":"TERRA SW","cable_id":1693},{"id":"alaska-united-turnagain-arm-auta","name":"Alaska United Turnagain Arm (AUTA)","cable_id":1813},{"id":"new-cross-pacific-ncp-cable-system","name":"New Cross Pacific (NCP) Cable System","cable_id":1786},{"id":"global-caribbean-network-gcn","name":"Global Caribbean Network (GCN)","cable_id":1829},{"id":"st-thomas-st-croix-system","name":"St. Thomas-St. Croix System","cable_id":1756},{"id":"sea-us","name":"SEA-US","cable_id":1823},{"id":"taino-carib","name":"Taino-Carib","cable_id":1229},{"id":"columbus-ii-b","name":"Columbus-II b","cable_id":1643},{"id":"americas-i-north","name":"Americas-I North","cable_id":1645},{"id":"bay-to-bay-express-btobe-cable-system","name":"Bay to Bay Express (BtoBE) Cable System","cable_id":1969},{"id":"pacific-crossing-1-pc-1","name":"Pacific Crossing-1 (PC-1)","cable_id":1007},{"id":"atlantic-crossing-1-ac-1","name":"Atlantic Crossing-1 (AC-1)","cable_id":1143},{"id":"mid-atlantic-crossing-mac","name":"Mid-Atlantic Crossing (MAC)","cable_id":1070},{"id":"america-movil-submarine-cable-system-1-amx-1","name":"America Movil Submarine Cable System-1 (AMX-1)","cable_id":1686},{"id":"pan-american-crossing-pac","name":"Pan-American Crossing (PAC)","cable_id":1072},{"id":"flag-atlantic-1-fa-1","name":"FLAG Atlantic-1 (FA-1)","cable_id":1028},{"id":"southern-cross-cable-network-sccn","name":"Southern Cross Cable Network (SCCN)","cable_id":1009},{"id":"south-american-crossing-sac","name":"South American Crossing (SAC)","cable_id":1084},{"id":"japan-u-s-cable-network-jus","name":"Japan-U.S. Cable Network (JUS)","cable_id":1010},{"id":"globenet","name":"GlobeNet","cable_id":1076},{"id":"monet","name":"Monet","cable_id":1787},{"id":"tat-14","name":"TAT-14","cable_id":1043},{"id":"columbus-iii","name":"Columbus-III","cable_id":1046},{"id":"gtt-atlantic","name":"GTT Atlantic","cable_id":1080},{"id":"south-america-1-sam-1","name":"South America-1 (SAm-1)","cable_id":1083},{"id":"southern-caribbean-fiber","name":"Southern Caribbean Fiber","cable_id":1619},{"id":"pacific-caribbean-cable-system-pccs","name":"Pacific Caribbean Cable System (PCCS)","cable_id":1727},{"id":"bahamas-2","name":"Bahamas 2","cable_id":1069},{"id":"mariana-guam-cable","name":"Mariana-Guam Cable","cable_id":1757},{"id":"faster","name":"FASTER","cable_id":1794},{"id":"antillas-1","name":"Antillas 1","cable_id":1227},{"id":"americas-ii","name":"Americas-II","cable_id":1148},{"id":"australia-japan-cable-ajc","name":"Australia-Japan Cable (AJC)","cable_id":1102},{"id":"guam-okinawa-kyushu-incheon-goki","name":"Guam Okinawa Kyushu Incheon (GOKI)","cable_id":1692},{"id":"seabras-1","name":"Seabras-1","cable_id":1728},{"id":"tata-tgn-atlantic","name":"Tata TGN-Atlantic","cable_id":1149},{"id":"alaska-united-east-au-east","name":"Alaska United East (AU-East)","cable_id":1168},{"id":"aeconnect-1","name":"AEConnect-1","cable_id":1691},{"id":"apollo","name":"Apollo","cable_id":1213},{"id":"yellow","name":"Yellow","cable_id":1081},{"id":"maya-1","name":"Maya-1","cable_id":1071},{"id":"northstar","name":"NorthStar","cable_id":1166},{"id":"pan-american-pan-am","name":"Pan American (PAN-AM)","cable_id":1073},{"id":"curie","name":"Curie","cable_id":1932},{"id":"tata-tgn-pacific","name":"Tata TGN-Pacific","cable_id":1155},{"id":"arcos","name":"ARCOS ","cable_id":1078},{"id":"bahamas-internet-cable-system-bics","name":"Bahamas Internet Cable System (BICS)","cable_id":1232},{"id":"hong-kong-guam-hk-g","name":"Hong Kong-Guam (HK-G)","cable_id":1902},{"id":"atisa","name":"Atisa","cable_id":1874},{"id":"hantru1-cable-system","name":"HANTRU1 Cable System","cable_id":1605},{"id":"sint-maarten-puerto-rico-network-one-smpr-1","name":"Sint Maarten Puerto Rico Network One (SMPR-1)","cable_id":1245},{"id":"alaska-united-west-au-west","name":"Alaska United West (AU-West)","cable_id":1348},{"id":"pipe-pacific-cable-1-ppc-1","name":"PIPE Pacific Cable-1 (PPC-1)","cable_id":1520},{"id":"trans-pacific-express-tpe-cable-system","name":"Trans-Pacific Express (TPE) Cable System","cable_id":1513},{"id":"kodiak-kenai-fiber-link-kkfl","name":"Kodiak Kenai Fiber Link (KKFL)","cable_id":1530},{"id":"telstra-endeavour","name":"Telstra Endeavour","cable_id":1526},{"id":"colombia-florida-subsea-fiber-cfx-1","name":"Colombia-Florida Subsea Fiber (CFX-1)","cable_id":1554},{"id":"gemini-bermuda","name":"Gemini Bermuda","cable_id":1551},{"id":"asia-america-gateway-aag-cable-system","name":"Asia-America Gateway (AAG) Cable System","cable_id":1507},{"id":"honotua","name":"Honotua","cable_id":1556},{"id":"unityeac-pacific","name":"Unity/EAC-Pacific","cable_id":1525},{"id":"acs-alaska-oregon-network-akorn","name":"ACS Alaska-Oregon Network (AKORN)","cable_id":1571},{"id":"alaska-united-southeast-au-se","name":"Alaska United Southeast (AU-SE)","cable_id":1567},{"id":"challenger-bermuda-1-cb-1","name":"Challenger Bermuda-1 (CB-1)","cable_id":1596}],"landing_points":[{"id":"sarasota-fl-united-states","name":"Sarasota, FL, United States","landing_point_id":3779},{"id":"aguadilla-pr-united-states","name":"Aguadilla, PR, United States","landing_point_id":17570},{"id":"ponce-pr-united-states","name":"Ponce, PR, United States","landing_point_id":17571},{"id":"humacao-pr-united-states","name":"Humacao, PR, United States","landing_point_id":17572},{"id":"ketchikan-ak-united-states","name":"Ketchikan, AK, United States","landing_point_id":8551},{"id":"cloverdale-or-united-states","name":"Cloverdale, OR, United States","landing_point_id":17478},{"id":"narragansett-ri-united-states","name":"Narragansett, RI, United States","landing_point_id":17231},{"id":"crescent-beach-ri-united-states","name":"Crescent Beach, RI, United States","landing_point_id":17232},{"id":"los-angeles-ca-united-states","name":"Los Angeles, CA, United States","landing_point_id":3678},{"id":"wall-township-nj-united-states","name":"Wall Township, NJ, United States","landing_point_id":3822},{"id":"piti-gu-united-states","name":"Piti, GU, United States","landing_point_id":5973},{"id":"kekaha-hi-united-states","name":"Kekaha, HI, United States","landing_point_id":17138},{"id":"kawaihae-hi-united-states","name":"Kawaihae, HI, United States","landing_point_id":8973},{"id":"makaha-hi-united-states","name":"Makaha, HI, United States","landing_point_id":5760},{"id":"makena-hi-united-states","name":"Makena, HI, United States","landing_point_id":17135},{"id":"lahaina-hi-united-states","name":"Lahaina, HI, United States","landing_point_id":17136},{"id":"kaunakakai-hi-united-states","name":"Kaunakakai, HI, United States","landing_point_id":16121},{"id":"hawaii-kai-hi-united-states","name":"Hawaii Kai, HI, United States","landing_point_id":17139},{"id":"hermosa-beach-ca-united-states","name":"Hermosa Beach, CA, United States","landing_point_id":4966},{"id":"westbury-ny-united-states","name":"Westbury, NY, United States","landing_point_id":7194},{"id":"buffalo-ny-united-states","name":"Buffalo, NY, United States","landing_point_id":3569},{"id":"punta-salina-pr-united-states","name":"Punta Salina, PR, United States","landing_point_id":17029},{"id":"dania-beach-fl-united-states","name":"Dania Beach, FL, United States","landing_point_id":17028},{"id":"el-segundo-ca-united-states","name":"El Segundo, CA, United States","landing_point_id":4096},{"id":"virginia-beach-va-united-states","name":"Virginia Beach, VA, United States","landing_point_id":4862},{"id":"utqiavik-ak-united-states","name":"Utqiaġvik, AK, United States","landing_point_id":16441},{"id":"point-hope-ak-united-states","name":"Point Hope, AK, United States","landing_point_id":16440},{"id":"wainwright-ak-united-states","name":"Wainwright, AK, United States","landing_point_id":16439},{"id":"kotzebue-ak-united-states","name":"Kotzebue, AK, United States","landing_point_id":16438},{"id":"nome-ak-united-states","name":"Nome, AK, United States","landing_point_id":16437},{"id":"prudhoe-bay-ak-united-states","name":"Prudhoe Bay, AK, United States","landing_point_id":13390},{"id":"kapolei-hi-united-states","name":"Kapolei, HI, United States","landing_point_id":16358},{"id":"skagway-ak-united-states","name":"Skagway, AK, United States","landing_point_id":16208},{"id":"haines-ak-united-states","name":"Haines, AK, United States","landing_point_id":16207},{"id":"manele-bay-hi-united-states","name":"Manele Bay, HI, United States","landing_point_id":16122},{"id":"ko-olina-hi-united-states","name":"Ko Olina, HI, United States","landing_point_id":16118},{"id":"koko-head-hi-united-states","name":"Koko Head, HI, United States","landing_point_id":16116},{"id":"kihei-maui-hi-united-states","name":"Kihei, Maui, HI, United States","landing_point_id":7795},{"id":"lihue-hi-united-states","name":"Lihue, HI, United States","landing_point_id":4822},{"id":"igiugig-ak-united-states","name":"Igiugig, AK, United States","landing_point_id":15033},{"id":"port-alsworth-ak-united-states","name":"Port Alsworth, AK, United States","landing_point_id":15032},{"id":"fish-camp-ak-united-states","name":"Fish Camp, AK, United States","landing_point_id":15031},{"id":"nondalton-ak-united-states","name":"Nondalton, AK, United States","landing_point_id":15030},{"id":"newhalen-ak-united-states","name":"Newhalen, AK, United States","landing_point_id":15029},{"id":"kokhanok-ak-united-states","name":"Kokhanok, AK, United States","landing_point_id":15028},{"id":"pile-bay-ak-united-states","name":"Pile Bay, AK, United States","landing_point_id":15026},{"id":"illiamna-ak-united-states","name":"Illiamna, AK, United States","landing_point_id":15027},{"id":"pedro-bay-ak-united-states","name":"Pedro Bay, AK, United States","landing_point_id":15025},{"id":"williamsport-ak-united-states","name":"Williamsport, AK, United States","landing_point_id":15024},{"id":"mchugh-point-ak-united-states","name":"McHugh Point, AK, United States","landing_point_id":15023},{"id":"portage-ak-united-states","name":"Portage, AK, United States","landing_point_id":15022},{"id":"pacific-city-or-united-states","name":"Pacific City, OR, United States","landing_point_id":3730},{"id":"st-croix-vi-united-states","name":"St. Croix, VI, United States","landing_point_id":5750},{"id":"christiansted-vi-united-states","name":"Christiansted, VI, United States","landing_point_id":13396},{"id":"condado-beach-pr-united-states","name":"Condado Beach, PR, United States","landing_point_id":6084},{"id":"west-palm-beach-fl-united-states","name":"West Palm Beach, FL, United States","landing_point_id":3824},{"id":"magens-bay-vi-united-states","name":"Magen’s Bay, VI, United States","landing_point_id":5758},{"id":"grover-beach-ca-united-states","name":"Grover Beach, CA, United States","landing_point_id":5748},{"id":"brookhaven-ny-united-states","name":"Brookhaven, NY, United States","landing_point_id":4512},{"id":"hollywood-fl-united-states","name":"Hollywood, FL, United States","landing_point_id":3650},{"id":"northport-ny-united-states","name":"Northport, NY, United States","landing_point_id":9762},{"id":"morro-bay-ca-united-states","name":"Morro Bay, CA, United States","landing_point_id":5751},{"id":"spencer-beach-hi-united-states","name":"Spencer Beach, HI, United States","landing_point_id":5752},{"id":"manchester-ca-united-states","name":"Manchester, CA, United States","landing_point_id":3687},{"id":"island-park-ny-united-states","name":"Island Park, NY, United States","landing_point_id":9763},{"id":"tuckerton-nj-united-states","name":"Tuckerton, NJ, United States","landing_point_id":3808},{"id":"boca-raton-fl-united-states","name":"Boca Raton, FL, United States","landing_point_id":3563},{"id":"manasquan-nj-united-states","name":"Manasquan, NJ, United States","landing_point_id":3686},{"id":"hillsboro-or-united-states","name":"Hillsboro, OR, United States","landing_point_id":3649},{"id":"kahe-point-hi-united-states","name":"Kahe Point, HI, United States","landing_point_id":5753},{"id":"lynn-ma-united-states","name":"Lynn, MA, United States","landing_point_id":3683},{"id":"san-juan-pr-united-states","name":"San Juan, PR, United States","landing_point_id":4262},{"id":"vero-beach-fl-united-states","name":"Vero Beach, FL, United States","landing_point_id":3813},{"id":"tanguisson-point-gu-united-states","name":"Tanguisson Point, GU, United States","landing_point_id":3251},{"id":"bandon-or-united-states","name":"Bandon, OR, United States","landing_point_id":3554},{"id":"miramar-pr-united-states","name":"Miramar, PR, United States","landing_point_id":5762},{"id":"tumon-bay-gu-united-states","name":"Tumon Bay, GU, United States","landing_point_id":5972},{"id":"whittier-ak-united-states","name":"Whittier, AK, United States","landing_point_id":6255},{"id":"valdez-ak-united-states","name":"Valdez, AK, United States","landing_point_id":5764},{"id":"juneau-ak-united-states","name":"Juneau, AK, United States","landing_point_id":4816},{"id":"shirley-ny-united-states","name":"Shirley, NY, United States","landing_point_id":3783},{"id":"bellport-ny-united-states","name":"Bellport, NY, United States","landing_point_id":5767},{"id":"lena-point-ak-united-states","name":"Lena Point, AK, United States","landing_point_id":5765},{"id":"lynnwood-wa-united-states","name":"Lynnwood, WA, United States","landing_point_id":5770},{"id":"north-miami-beach-fl-united-states","name":"North Miami Beach, FL, United States","landing_point_id":5772},{"id":"isla-verde-pr-united-states","name":"Isla Verde, PR, United States","landing_point_id":5773},{"id":"harbour-pointe-wa-united-states","name":"Harbour Pointe, WA, United States","landing_point_id":3641},{"id":"seward-ak-united-states","name":"Seward, AK, United States","landing_point_id":5755},{"id":"warrenton-or-united-states","name":"Warrenton, OR, United States","landing_point_id":6191},{"id":"nedonna-beach-or-united-states","name":"Nedonna Beach, OR, United States","landing_point_id":3711},{"id":"spanish-river-park-fl-united-states","name":"Spanish River Park, FL, United States","landing_point_id":8357},{"id":"anchorage-ak-united-states","name":"Anchorage, AK, United States","landing_point_id":4067},{"id":"homer-ak-united-states","name":"Homer, AK, United States","landing_point_id":8392},{"id":"kenai-ak-united-states","name":"Kenai, AK, United States","landing_point_id":8393},{"id":"kodiak-ak-united-states","name":"Kodiak, AK, United States","landing_point_id":8394},{"id":"narrow-cape-ak-united-states","name":"Narrow Cape, AK, United States","landing_point_id":8395},{"id":"keawaula-hi-united-states","name":"Keawaula, HI, United States","landing_point_id":5754},{"id":"san-luis-obispo-ca-united-states","name":"San Luis Obispo, CA, United States","landing_point_id":3772},{"id":"redondo-beach-ca-united-states","name":"Redondo Beach, CA, United States","landing_point_id":4992},{"id":"jacksonville-fl-united-states","name":"Jacksonville, FL, United States","landing_point_id":3655},{"id":"florence-or-united-states","name":"Florence, OR, United States","landing_point_id":8539},{"id":"nikiski-ak-united-states","name":"Nikiski, AK, United States","landing_point_id":8540},{"id":"wrangell-ak-united-states","name":"Wrangell, AK, United States","landing_point_id":8549},{"id":"petersburg-ak-united-states","name":"Petersburg, AK, United States","landing_point_id":8550},{"id":"hawk-inlet-ak-united-states","name":"Hawk Inlet, AK, United States","landing_point_id":8552},{"id":"angoon-ak-united-states","name":"Angoon, AK, United States","landing_point_id":8553},{"id":"sitka-ak-united-states","name":"Sitka, AK, United States","landing_point_id":8554},{"id":"charlestown-ri-united-states","name":"Charlestown, RI, United States","landing_point_id":3580},{"id":"bunkum-bay-montserrat","name":"Bunkum Bay, Montserrat","landing_point_id":18087},{"id":"balboa-panama","name":"Balboa, Panama","landing_point_id":8722},{"id":"manta-ecuador","name":"Manta, Ecuador","landing_point_id":8918},{"id":"cancn-mexico","name":"Cancún, Mexico","landing_point_id":3842},{"id":"puerto-barrios-guatemala","name":"Puerto Barrios, Guatemala","landing_point_id":5848},{"id":"maria-chiquita-panama","name":"Maria Chiquita, Panama","landing_point_id":5928},{"id":"cartagena-colombia","name":"Cartagena, Colombia","landing_point_id":5693},{"id":"baler-philippines","name":"Baler, Philippines","landing_point_id":17677},{"id":"macao-beach-dominican-republic","name":"Macao Beach, Dominican Republic","landing_point_id":17573},{"id":"frederiksted-virgin-islands-u-s-","name":"Frederiksted, Virgin Islands (U.S.)","landing_point_id":13397},{"id":"prince-rupert-bc-canada","name":"Prince Rupert, BC, Canada","landing_point_id":3747},{"id":"saint-hilaire-de-riez-france","name":"Saint-Hilaire-de-Riez, France","landing_point_id":9775},{"id":"maroochydore-australia","name":"Maroochydore, Australia","landing_point_id":11593},{"id":"mahuma-curaao","name":"Mahuma, Curaçao","landing_point_id":17242},{"id":"chung-hom-kok-china","name":"Chung Hom Kok, China","landing_point_id":5856},{"id":"takapuna-new-zealand","name":"Takapuna, New Zealand","landing_point_id":5918},{"id":"kiritimati-kiribati","name":"Kiritimati, Kiribati","landing_point_id":17031},{"id":"nukunonu-tokelau","name":"Nukunonu, Tokelau","landing_point_id":17030},{"id":"suva-fiji","name":"Suva, Fiji","landing_point_id":4268},{"id":"apia-samoa","name":"Apia, Samoa","landing_point_id":5705},{"id":"savusavu-fiji","name":"Savusavu, Fiji","landing_point_id":17015},{"id":"alexandria-australia","name":"Alexandria, Australia","landing_point_id":6097},{"id":"blaabjerg-denmark","name":"Blaabjerg, Denmark","landing_point_id":5818},{"id":"lecanvey-ireland","name":"Lecanvey, Ireland","landing_point_id":17094},{"id":"sydney-australia","name":"Sydney, Australia","landing_point_id":3030},{"id":"minamiboso-japan","name":"Minamiboso, Japan","landing_point_id":16280},{"id":"st-austell-united-kingdom","name":"St. Austell, United Kingdom","landing_point_id":8787},{"id":"toronto-on-canada","name":"Toronto, ON, Canada","landing_point_id":3033},{"id":"guantanamo-bay-cuba","name":"Guantanamo Bay, Cuba","landing_point_id":17027},{"id":"gustavia-saint-barthlemy","name":"Gustavia, Saint Barthélemy","landing_point_id":15452},{"id":"st-louis-saint-martin","name":"St. Louis, Saint Martin","landing_point_id":16976},{"id":"baie-mahault-guadeloupe","name":"Baie-Mahault, Guadeloupe","landing_point_id":16975},{"id":"copa-club-jamaica","name":"Copa Club, Jamaica","landing_point_id":16969},{"id":"magachgil-yap-micronesia","name":"Magachgil, Yap, Micronesia","landing_point_id":16966},{"id":"ngeremlengui-palau","name":"Ngeremlengui, Palau","landing_point_id":7822},{"id":"san-fernando-city-philippines","name":"San Fernando City, Philippines","landing_point_id":9389},{"id":"baie-longue-saint-martin","name":"Baie Longue, Saint Martin","landing_point_id":16758},{"id":"philipsburg-sint-maarten","name":"Philipsburg, Sint Maarten","landing_point_id":10783},{"id":"tachognya-beach-tinian-northern-mariana-islands","name":"Tachognya Beach, Tinian, Northern Mariana Islands","landing_point_id":16552},{"id":"sasanlagu-rota-northern-mariana-islands","name":"Sasanlagu, Rota, Northern Mariana Islands","landing_point_id":16551},{"id":"sugar-dock-saipan-northern-mariana-islands","name":"Sugar Dock, Saipan, Northern Mariana Islands","landing_point_id":16550},{"id":"carcavelos-portugal","name":"Carcavelos, Portugal","landing_point_id":14331},{"id":"kauditan-indonesia","name":"Kauditan, Indonesia","landing_point_id":16518},{"id":"mangawhai-new-zealand","name":"Mangawhai, New Zealand","landing_point_id":16442},{"id":"praia-grande-brazil","name":"Praia Grande, Brazil","landing_point_id":16413},{"id":"la-union-philippines","name":"La Union, Philippines","landing_point_id":10340},{"id":"lingang-china","name":"Lingang, China","landing_point_id":16316},{"id":"cherating-malaysia","name":"Cherating, Malaysia","landing_point_id":6011},{"id":"davao-philippines","name":"Davao, Philippines","landing_point_id":3902},{"id":"buenaventura-colombia","name":"Buenaventura, Colombia","landing_point_id":5806},{"id":"huahine-french-polynesia","name":"Huahine, French Polynesia","landing_point_id":14804},{"id":"moorea-french-polynesia","name":"Moorea, French Polynesia","landing_point_id":14798},{"id":"uturoa-french-polynesia","name":"Uturoa, French Polynesia","landing_point_id":14799},{"id":"vaitape-french-polynesia","name":"Vaitape, French Polynesia","landing_point_id":14800},{"id":"killala-ireland","name":"Killala, Ireland","landing_point_id":14732},{"id":"tinian-northern-mariana-islands","name":"Tinian, Northern Mariana Islands","landing_point_id":13410},{"id":"saipan-northern-mariana-islands","name":"Saipan, Northern Mariana Islands","landing_point_id":13408},{"id":"rota-northern-mariana-islands","name":"Rota, Northern Mariana Islands","landing_point_id":13409},{"id":"vila-olga-virgin-islands-u-s-","name":"Vila Olga, Virgin Islands (U.S.)","landing_point_id":13402},{"id":"banana-bay-virgin-islands-u-s-","name":"Banana Bay, Virgin Islands (U.S.)","landing_point_id":13401},{"id":"flamingo-bay-virgin-islands-u-s-","name":"Flamingo Bay, Virgin Islands (U.S.)","landing_point_id":13400},{"id":"great-bay-virgin-islands-u-s-","name":"Great Bay, Virgin Islands (U.S.)","landing_point_id":13399},{"id":"brewers-bay-virgin-islands-u-s-","name":"Brewer's Bay, Virgin Islands (U.S.)","landing_point_id":13398},{"id":"hudishibana-aruba","name":"Hudishibana, Aruba","landing_point_id":10790},{"id":"kristiansand-norway","name":"Kristiansand, Norway","landing_point_id":3131},{"id":"santo-domingo-dominican-republic","name":"Santo Domingo, Dominican Republic","landing_point_id":4242},{"id":"santos-brazil","name":"Santos, Brazil","landing_point_id":3411},{"id":"nanhui-china","name":"Nanhui, China","landing_point_id":5804},{"id":"daet-philippines","name":"Daet, Philippines","landing_point_id":10355},{"id":"shima-japan","name":"Shima, Japan","landing_point_id":5883},{"id":"ajigaura-japan","name":"Ajigaura, Japan","landing_point_id":5884},{"id":"beverwijk-netherlands","name":"Beverwijk, Netherlands","landing_point_id":3080},{"id":"whitesands-bay-united-kingdom","name":"Whitesands Bay, United Kingdom","landing_point_id":3081},{"id":"tijuana-mexico","name":"Tijuana, Mexico","landing_point_id":3484},{"id":"whenuapai-new-zealand","name":"Whenuapai, New Zealand","landing_point_id":5919},{"id":"valparaso-chile","name":"Valparaíso, Chile","landing_point_id":3331},{"id":"fortaleza-brazil","name":"Fortaleza, Brazil","landing_point_id":3347},{"id":"lurin-peru","name":"Lurin, Peru","landing_point_id":5930},{"id":"rio-de-janeiro-brazil","name":"Rio de Janeiro, Brazil","landing_point_id":3242},{"id":"las-toninas-argentina","name":"Las Toninas, Argentina","landing_point_id":3330},{"id":"fort-amador-panama","name":"Fort Amador, Panama","landing_point_id":5925},{"id":"kitaibaraki-japan","name":"Kitaibaraki, Japan","landing_point_id":5703},{"id":"maruyama-japan","name":"Maruyama, Japan","landing_point_id":5887},{"id":"deep-water-bay-china","name":"Deep Water Bay, China","landing_point_id":5853},{"id":"st-davids-bermuda","name":"St. David’s, Bermuda","landing_point_id":5793},{"id":"okinawa-japan","name":"Okinawa, Japan","landing_point_id":5886},{"id":"toucheng-taiwan","name":"Toucheng, Taiwan","landing_point_id":5981},{"id":"sylt-germany","name":"Sylt, Germany","landing_point_id":3142},{"id":"norden-germany","name":"Norden, Germany","landing_point_id":5840},{"id":"katwijk-netherlands","name":"Katwijk, Netherlands","landing_point_id":3283},{"id":"st-valry-france","name":"St. Valéry, France","landing_point_id":5331},{"id":"bude-united-kingdom","name":"Bude, United Kingdom","landing_point_id":4554},{"id":"conil-spain","name":"Conil, Spain","landing_point_id":5944},{"id":"mazara-del-vallo-italy","name":"Mazara del Vallo, Italy","landing_point_id":3215},{"id":"nassau-bahamas","name":"Nassau, Bahamas","landing_point_id":4230},{"id":"crooked-island-bahamas","name":"Crooked Island, Bahamas","landing_point_id":5782},{"id":"providenciales-turks-and-caicos-islands","name":"Providenciales, Turks and Caicos Islands","landing_point_id":4258},{"id":"punta-cana-dominican-republic","name":"Punta Cana, Dominican Republic","landing_point_id":5694},{"id":"puerto-plata-dominican-republic","name":"Puerto Plata, Dominican Republic","landing_point_id":5823},{"id":"riohacha-colombia","name":"Riohacha, Colombia","landing_point_id":5807},{"id":"bluefields-nicaragua","name":"Bluefields, Nicaragua","landing_point_id":5920},{"id":"puerto-lempira-honduras","name":"Puerto Lempira, Honduras","landing_point_id":5692},{"id":"trujillo-honduras","name":"Trujillo, Honduras","landing_point_id":5850},{"id":"puerto-cortes-honduras","name":"Puerto Cortes, Honduras","landing_point_id":5851},{"id":"arica-chile","name":"Arica, Chile","landing_point_id":5800},{"id":"punta-carnero-ecuador","name":"Punta Carnero, Ecuador","landing_point_id":5824},{"id":"baby-beach-aruba","name":"Baby Beach, Aruba","landing_point_id":5776},{"id":"halifax-ns-canada","name":"Halifax, NS, Canada","landing_point_id":3640},{"id":"dublin-ireland","name":"Dublin, Ireland","landing_point_id":3077},{"id":"southport-united-kingdom","name":"Southport, United Kingdom","landing_point_id":3324},{"id":"puerto-san-jose-guatemala","name":"Puerto San Jose, Guatemala","landing_point_id":5849},{"id":"puerto-limon-costa-rica","name":"Puerto Limon, Costa Rica","landing_point_id":5810},{"id":"eight-mile-rock-bahamas","name":"Eight-Mile Rock, Bahamas","landing_point_id":5783},{"id":"mazatln-mexico","name":"Mazatlán, Mexico","landing_point_id":3470},{"id":"puerto-cabezas-nicaragua","name":"Puerto Cabezas, Nicaragua","landing_point_id":5921},{"id":"chongming-china","name":"Chongming, China","landing_point_id":5802},{"id":"chikura-japan","name":"Chikura, Japan","landing_point_id":5885},{"id":"cayenne-french-guiana","name":"Cayenne, French Guiana","landing_point_id":5575},{"id":"le-lamentin-martinique","name":"Le Lamentin, Martinique","landing_point_id":5905},{"id":"port-of-spain-trinidad-and-tobago","name":"Port of Spain, Trinidad and Tobago","landing_point_id":4236},{"id":"camuri-venezuela","name":"Camuri, Venezuela","landing_point_id":5966},{"id":"cat-island-bahamas","name":"Cat Island, Bahamas","landing_point_id":5784},{"id":"paddington-australia","name":"Paddington, Australia","landing_point_id":5779},{"id":"oxford-falls-australia","name":"Oxford Falls, Australia","landing_point_id":5778},{"id":"salvador-brazil","name":"Salvador, Brazil","landing_point_id":3342},{"id":"busan-south-korea","name":"Busan, South Korea","landing_point_id":4183},{"id":"lannion-france","name":"Lannion, France","landing_point_id":5837},{"id":"puerto-viejo-venezuela","name":"Puerto Viejo, Venezuela","landing_point_id":5967},{"id":"tolu-colombia","name":"Tolu, Colombia","landing_point_id":5808},{"id":"half-moon-bay-cayman-islands","name":"Half Moon Bay, Cayman Islands","landing_point_id":5799},{"id":"skewjack-united-kingdom","name":"Skewjack, United Kingdom","landing_point_id":5741},{"id":"willemstad-curaao","name":"Willemstad, Curaçao","landing_point_id":10729},{"id":"panama-city-panama","name":"Panama City, Panama","landing_point_id":3334},{"id":"colon-panama","name":"Colon, Panama","landing_point_id":6093},{"id":"punto-fijo-venezuela","name":"Punto Fijo, Venezuela","landing_point_id":5965},{"id":"tanshui-taiwan","name":"Tanshui, Taiwan","landing_point_id":5982},{"id":"barranquilla-colombia","name":"Barranquilla, Colombia","landing_point_id":4315},{"id":"toyohashi-japan","name":"Toyohashi, Japan","landing_point_id":5893},{"id":"brookvale-australia","name":"Brookvale, Australia","landing_point_id":5781},{"id":"emi-japan","name":"Emi, Japan","landing_point_id":5894},{"id":"caves-point-bahamas","name":"Caves Point, Bahamas","landing_point_id":5786},{"id":"current-bahamas","name":"Current, Bahamas","landing_point_id":5787},{"id":"sandy-point-bahamas","name":"Sandy Point, Bahamas","landing_point_id":5788},{"id":"highbridge-united-kingdom","name":"Highbridge, United Kingdom","landing_point_id":5745},{"id":"bilbao-spain","name":"Bilbao, Spain","landing_point_id":3067},{"id":"tulum-mexico","name":"Tulum, Mexico","landing_point_id":5908},{"id":"hawksbill-bahamas","name":"Hawksbill, Bahamas","landing_point_id":5785},{"id":"belize-city-belize","name":"Belize City, Belize","landing_point_id":5791},{"id":"changi-north-singapore","name":"Changi North, Singapore","landing_point_id":5940},{"id":"maiquetia-venezuela","name":"Maiquetia, Venezuela","landing_point_id":5968},{"id":"plerin-france","name":"Plerin, France","landing_point_id":5836},{"id":"kita-kyushu-japan","name":"Kita-kyushu, Japan","landing_point_id":5895},{"id":"unqui-costa-rica","name":"Unqui, Costa Rica","landing_point_id":7981},{"id":"noumea-new-caledonia","name":"Noumea, New Caledonia","landing_point_id":5704},{"id":"qingdao-china","name":"Qingdao, China","landing_point_id":6012},{"id":"geoje-south-korea","name":"Geoje, South Korea","landing_point_id":17590},{"id":"crown-haven-bahamas","name":"Crown Haven, Bahamas","landing_point_id":8355},{"id":"riding-point-bahamas","name":"Riding Point, Bahamas","landing_point_id":8354},{"id":"mancora-peru","name":"Mancora, Peru","landing_point_id":8484},{"id":"ponta-delgada-portugal","name":"Ponta Delgada, Portugal","landing_point_id":5945},{"id":"mersing-malaysia","name":"Mersing, Malaysia","landing_point_id":5902},{"id":"sriracha-thailand","name":"Sriracha, Thailand","landing_point_id":6014},{"id":"tungku-brunei","name":"Tungku, Brunei","landing_point_id":5970},{"id":"vung-tau-vietnam","name":"Vung Tau, Vietnam","landing_point_id":6013},{"id":"lantau-island-china","name":"Lantau Island, China","landing_point_id":5852},{"id":"morant-point-jamaica","name":"Morant Point, Jamaica","landing_point_id":8685},{"id":"madang-papua-new-guinea","name":"Madang, Papua New Guinea","landing_point_id":8558},{"id":"papenoo-french-polynesia","name":"Papenoo, French Polynesia","landing_point_id":8974},{"id":"st-thomas-virgin-islands-u-s-","name":"St. Thomas, Virgin Islands (U.S.)","landing_point_id":4359},{"id":"coleraine-united-kingdom","name":"Coleraine, United Kingdom","landing_point_id":9038},{"id":"tseung-kwan-o-china","name":"Tseung Kwan O, China","landing_point_id":5857},{"id":"paget-bermuda","name":"Paget, Bermuda","landing_point_id":9069},{"id":"jarry-guadeloupe","name":"Jarry, Guadeloupe","landing_point_id":8836},{"id":"baillif-guadeloupe","name":"Baillif, Guadeloupe","landing_point_id":8834},{"id":"saint-martin-guadeloupe","name":"Saint Martin, Guadeloupe","landing_point_id":7875},{"id":"saint-barthelemy-guadeloupe","name":"Saint Barthelemy, Guadeloupe","landing_point_id":7876},{"id":"needhams-point-barbados","name":"Needham’s Point, Barbados","landing_point_id":6183},{"id":"basseterre-saint-kitts-and-nevis","name":"Basseterre, Saint Kitts and Nevis","landing_point_id":4356},{"id":"rodney-bay-saint-lucia","name":"Rodney Bay, Saint Lucia","landing_point_id":8837},{"id":"kingstown-saint-vincent-and-the-grenadines","name":"Kingstown, Saint Vincent and the Grenadines","landing_point_id":4219},{"id":"port-salines-grenada","name":"Port Salines, Grenada","landing_point_id":17317},{"id":"chaguaramas-trinidad-and-tobago","name":"Chaguaramas, Trinidad and Tobago","landing_point_id":8838},{"id":"dickenson-bay-antigua-and-barbuda","name":"Dickenson Bay, Antigua and Barbuda","landing_point_id":18090},{"id":"canefield-dominica","name":"Canefield, Dominica","landing_point_id":8835},{"id":"majuro-marshall-islands","name":"Majuro, Marshall Islands","landing_point_id":9060},{"id":"kwajalein-marshall-islands","name":"Kwajalein, Marshall Islands","landing_point_id":7879},{"id":"pohnpei-micronesia","name":"Pohnpei, Micronesia","landing_point_id":9062},{"id":"pago-pago-american-samoa","name":"Pago Pago, American Samoa","landing_point_id":9070},{"id":"tortola-virgin-islands-u-k-","name":"Tortola, Virgin Islands (U.K.)","landing_point_id":9589}],"latlon":[{"latlon":"27.338876,-82.539627"},{"latlon":"18.427503,-67.154857"},{"latlon":"17.982655,-66.626610"},{"latlon":"18.117762,-65.781261"},{"latlon":"55.342097,-131.647816"},{"latlon":"45.231055,-123.956361"},{"latlon":"41.441372,-71.442806"},{"latlon":"41.191958,-71.593673"},{"latlon":"34.053485,-118.245335"},{"latlon":"40.152871,-74.062873"},{"latlon":"13.464664,144.694737"},{"latlon":"21.970299,-159.724200"},{"latlon":"20.040295,-155.831236"},{"latlon":"21.463439,-158.220649"},{"latlon":"20.663598,-156.439999"},{"latlon":"20.900903,-156.684500"},{"latlon":"21.093335,-157.023889"},{"latlon":"21.271997,-157.668900"},{"latlon":"33.862237,-118.399546"},{"latlon":"40.757107,-73.586824"},{"latlon":"42.885438,-78.878459"},{"latlon":"18.472999,-66.185753"},{"latlon":"26.052317,-80.143943"},{"latlon":"33.919915,-118.415953"},{"latlon":"36.755009,-76.059198"},{"latlon":"71.290552,-156.788640"},{"latlon":"68.347768,-166.808068"},{"latlon":"70.636951,-160.038345"},{"latlon":"66.898342,-162.596669"},{"latlon":"64.501114,-165.406409"},{"latlon":"70.255640,-148.338448"},{"latlon":"21.335424,-158.056901"},{"latlon":"59.458343,-135.313894"},{"latlon":"59.235833,-135.444997"},{"latlon":"21.093359,-157.023893"},{"latlon":"20.743432,-156.896891"},{"latlon":"21.339697,-158.119498"},{"latlon":"21.277563,-157.696012"},{"latlon":"20.782153,-156.463103"},{"latlon":"21.974938,-159.368570"},{"latlon":"59.327801,-155.894743"},{"latlon":"60.200372,-154.336932"},{"latlon":"59.949200,-154.858855"},{"latlon":"59.972649,-154.847722"},{"latlon":"59.718145,-154.899773"},{"latlon":"59.442157,-154.752752"},{"latlon":"59.776055,-153.880487"},{"latlon":"59.754766,-154.906121"},{"latlon":"59.787213,-154.106121"},{"latlon":"59.682403,-153.632147"},{"latlon":"61.015715,-149.732198"},{"latlon":"60.828289,-148.989815"},{"latlon":"45.201929,-123.962630"},{"latlon":"17.771864,-64.819408"},{"latlon":"17.746656,-64.703149"},{"latlon":"18.459901,-66.077953"},{"latlon":"26.715353,-80.053349"},{"latlon":"18.372987,-64.937084"},{"latlon":"35.120635,-120.621420"},{"latlon":"40.773147,-72.912276"},{"latlon":"26.010202,-80.160234"},{"latlon":"40.909451,-73.344111"},{"latlon":"35.366680,-120.847202"},{"latlon":"20.023108,-155.822087"},{"latlon":"38.969205,-123.686946"},{"latlon":"40.600308,-73.655928"},{"latlon":"39.603885,-74.337910"},{"latlon":"26.350327,-80.088945"},{"latlon":"40.123343,-74.047041"},{"latlon":"45.522901,-122.989797"},{"latlon":"21.353979,-158.130582"},{"latlon":"42.463673,-70.950265"},{"latlon":"18.465833,-66.106664"},{"latlon":"27.638388,-80.394267"},{"latlon":"13.549100,144.809337"},{"latlon":"43.118556,-124.408235"},{"latlon":"18.453419,-66.082884"},{"latlon":"13.513590,144.800548"},{"latlon":"40.152908,-74.062861"},{"latlon":"60.772930,-148.684737"},{"latlon":"61.130352,-146.353342"},{"latlon":"58.299506,-134.406863"},{"latlon":"40.800283,-72.872237"},{"latlon":"40.755544,-72.937813"},{"latlon":"58.550946,-134.747293"},{"latlon":"47.823998,-122.315853"},{"latlon":"34.053399,-118.245347"},{"latlon":"25.932944,-80.162382"},{"latlon":"18.441651,-66.016869"},{"latlon":"13.464688,144.694688"},{"latlon":"47.886217,-122.302181"},{"latlon":"60.112188,-149.443135"},{"latlon":"46.165124,-123.923860"},{"latlon":"45.643738,-123.940071"},{"latlon":"26.378061,-80.067704"},{"latlon":"61.217461,-149.858369"},{"latlon":"59.646368,-151.544306"},{"latlon":"60.552910,-151.259785"},{"latlon":"57.794135,-152.395282"},{"latlon":"57.426838,-152.329169"},{"latlon":"21.548779,-158.242038"},{"latlon":"35.285015,-120.662729"},{"latlon":"20.039990,-155.831413"},{"latlon":"33.844476,-118.388023"},{"latlon":"30.331758,-81.655741"},{"latlon":"43.982130,-124.099837"},{"latlon":"60.689824,-151.291718"},{"latlon":"56.470796,-132.383817"},{"latlon":"56.807612,-132.970047"},{"latlon":"58.128107,-134.741824"},{"latlon":"57.501838,-134.582254"},{"latlon":"57.052912,-135.334402"},{"latlon":"41.411904,-71.645870"}]}
